ID,Likes,Listed,Photos,Price,Rating,Rating Signals,Tips
4c3b6d08def90f470beefd2d,25.0,5,86,2.0,6.1,60.0,19
5c180459a4b51b002c093a70,2.0,1,4,2.0,,,1
5b3225a7e65d0c002c94296b,7.0,1,10,2.0,5.5,21.0,6
4e9dc4dff5b95ad93faa8788,16.0,15,44,2.0,8.6,17.0,3
4cfd2a882c1aa090410e057a,43.0,136,49,2.0,8.7,59.0,16
51e6e2f6498eb1a439046503,8.0,0,21,,5.7,16.0,3
566c0cba498ec2bbb90fe3f7,11.0,6,25,,7.6,16.0,3
4c2c7ad4ae6820a1f9581943,7.0,6,6,2.0,5.8,19.0,5
52dad966498e1418f8517c52,37.0,30,34,,8.4,46.0,6
4b05884ef964a52062bd22e3,21.0,27,20,2.0,7.7,34.0,10
4b0ecc66f964a5202f5b23e3,120.0,187,121,2.0,8.5,172.0,49
4be18ea74ed5c9b61ba1ccce,293.0,260,425,2.0,8.4,433.0,97
598a1041c9a51708594f5db1,6.0,3,6,2.0,6.8,9.0,1
4f91a6c9e4b0ead198109182,3.0,1,2,2.0,5.9,8.0,2
5bd2295082a750002c9c9c5a,3.0,1,0,2.0,,,1
5d545ae73c10d10008b4deb1,0.0,1,1,,,,0
4b2781a9f964a520fc8624e3,167.0,94,200,2.0,7.2,293.0,80
4be42a2bcf200f471c8b113c,20.0,6,33,1.0,6.2,34.0,4
4c3e0c4783a3a593ef88ed33,,94,87,,8.1,128.0,36
4b2a822ef964a52087aa24e3,201.0,207,120,2.0,8.3,282.0,66
4b6ac454f964a52072df2be3,60.0,44,74,2.0,7.8,100.0,25
4b058851f964a5205fbe22e3,135.0,122,72,,8.3,191.0,37
4b058851f964a52056be22e3,96.0,62,169,2.0,8.0,129.0,24
4ce58eba9bbf6ea804fbc8af,41.0,26,31,2.0,8.1,62.0,14
4b689267f964a5209a802be3,262.0,186,422,2.0,7.8,417.0,107
4b058851f964a52062be22e3,118.0,168,191,2.0,8.3,164.0,42
4c30830066e40f47f59ac38b,39.0,3,95,2.0,6.4,72.0,17
4bd33acd9854d13a863afd4d,99.0,136,81,2.0,8.3,137.0,36
4b6da1aaf964a520dd812ce3,92.0,43,21,,8.3,132.0,30
4b6aae9df964a520f5db2be3,94.0,160,46,,8.7,119.0,19
4b058851f964a52053be22e3,109.0,127,147,2.0,7.8,169.0,42
4c714f98d274b60ca201dc0d,16.0,9,51,2.0,7.1,27.0,8
4c7ea54e1009a093fb15454e,37.0,45,42,2.0,7.9,54.0,13
4b8abaf5f964a520087d32e3,37.0,34,19,2.0,8.1,57.0,12
4f74ceece4b0c97e39f3bf32,36.0,20,21,,7.8,50.0,9
4b672734f964a5201b3e2be3,96.0,72,34,2.0,8.0,145.0,32
4b465c1bf964a520ba1e26e3,19.0,10,7,1.0,7.7,25.0,2
4c30f770a0ced13aedf4126e,16.0,4,33,,6.0,36.0,15
4b2a181ef964a52035a524e3,36.0,18,30,2.0,7.6,58.0,11
4c09618fed25952108f41256,14.0,7,14,,7.2,20.0,5
4c6fa093d7fab1f7bbfd5bc9,18.0,2,31,1.0,7.4,30.0,13
4b05884df964a52002bd22e3,96.0,51,144,2.0,7.7,138.0,26
4b2f3442f964a5202eea24e3,64.0,27,76,2.0,6.9,107.0,37
4cab654a14c337040150ea3b,24.0,16,73,2.0,7.1,44.0,16
4b2296adf964a520a34924e3,177.0,246,162,2.0,8.6,245.0,62
4bc5f3db51b376b00bb31a6f,40.0,45,55,,7.8,61.0,19
4c8c8674f87e224b44f63505,171.0,69,180,3.0,7.6,253.0,46
4c4b4c455609c9b684fdf090,31.0,30,45,2.0,7.0,48.0,9
533dcfe5498edcd0ad2ce6ec,18.0,4,24,,6.7,28.0,9
4c13d26882a3c9b6032afcf8,39.0,22,51,2.0,6.8,63.0,16
58e7664004ab1a3940fc213a,9.0,0,5,,7.4,11.0,2
4c473b8b89a6c9b6818c9988,19.0,5,46,2.0,7.2,26.0,6
513787f6e4b0539581cbd70e,2.0,0,0,2.0,,,1
4b05884ff964a520e6bd22e3,21.0,19,73,2.0,6.8,35.0,7
4c433bd7d691c9b6c9738f0a,3.0,0,4,,,,3
51e2e7ed498e1f837af61e19,0.0,0,0,1.0,,,0
4b5895e5f964a520ab5f28e3,12.0,12,24,2.0,5.3,31.0,11
536bd9a5498ef43e3d25814f,37.0,24,10,2.0,8.1,52.0,15
4b0a5353f964a520412323e3,13.0,2,16,2.0,6.7,23.0,7
586e620e409f5646d4b5686c,0.0,0,1,1.0,,,0
4db947ae8154ce84dc23c355,9.0,4,5,1.0,7.8,14.0,6
568edbd3498e9d5aa0e801f7,1.0,0,9,2.0,,,0
4dcd72f745ddbe15f86ff423,3.0,0,1,2.0,,,0
5dc56d83285a3b0008b965a9,0.0,0,0,2.0,,,0
4ba36f30f964a520bd3c38e3,73.0,59,55,2.0,7.8,109.0,28
4b40b6f0f964a52036ba25e3,94.0,18,93,2.0,6.4,166.0,41
4c3618293849c928c170bbb1,25.0,12,40,2.0,7.2,38.0,12
4c36fcc6298e9c74eddf07e3,11.0,0,5,2.0,6.0,22.0,5
53020ff411d2af3dd6daa87b,1.0,0,0,,,,0
4b9925def964a520c36435e3,5.0,0,8,2.0,5.9,10.0,3
4ccf14c6ba0a548155834c59,1.0,0,1,2.0,,,0
5dadaa1ce5550800084ebb36,0.0,2,0,2.0,,,0
50dee957e4b0e3d2b90ed8ea,65.0,70,36,2.0,8.4,95.0,24
4b2a1c27f964a52048a524e3,284.0,442,115,2.0,8.9,410.0,112
5245ed0611d2ba65864e2450,0.0,0,0,,,,0
4b5059a1f964a5200b2127e3,10.0,2,4,2.0,6.9,17.0,8
4d76123d74eca093a66fb6a8,0.0,0,0,2.0,,,0
4c19f63f6a21c9b62349cb97,7.0,3,9,,7.3,10.0,2
5079a613e4b03bba606c7884,2.0,0,0,,,,0
5603d263498e647352e761e9,1.0,0,0,,,,0
51293db9e4b0c51f96fa6ba1,1.0,0,0,1.0,,,0
5346d064498ee8313e83c5c1,1.0,0,0,,,,0
55f85c8d498eae76ab5e2528,1.0,0,0,2.0,,,0
4e32e5b0d22d630c23d7516b,2.0,1,1,2.0,,,1
5b36763266fc65003703df22,2.0,1,0,2.0,,,1
4fad34dce4b0bcc0c1926b6d,0.0,0,0,2.0,,,0
4b8d6134f964a5203df832e3,1.0,2,0,2.0,,,3
4be5d0bad4f7c9b6f4f82520,11.0,9,6,2.0,7.9,16.0,4
4f3c0b23e4b0e05bd014f179,1.0,1,0,2.0,,,0
4fdb1565e4b0397f0263fe6b,54.0,4,106,2.0,7.6,86.0,20
4b06de73f964a520def122e3,45.0,15,15,2.0,8.3,62.0,15
4b8ec035f964a520e13433e3,15.0,5,13,2.0,6.3,30.0,11
5813730338fab453be6f858b,2.0,0,13,,,,0
4daaf1cc43a11281970391ae,36.0,12,71,,6.2,61.0,16
504cd68fe4b05763ea511792,0.0,1,0,1.0,,,0
4bcc7466fb84c9b6775c203e,42.0,17,57,2.0,6.7,75.0,18
50ad1acde4b0fcc4d77e8ad0,0.0,0,0,1.0,,,0
5ca78e3b56c89f0039d4b828,1.0,0,1,2.0,,,0
4eb446216c2590eb878bda94,216.0,70,171,1.0,7.9,331.0,78
4c22435313c00f477f3287de,17.0,5,13,1.0,7.3,31.0,8
4cc565a1c844721e549aee01,0.0,0,1,2.0,,,0
5dcd51f0c046e8000845b2c8,1.0,0,3,2.0,,,0
59b02e700868a235f62aa8a2,36.0,18,19,2.0,8.0,51.0,9
4b0b94aef964a520623223e3,31.0,4,45,2.0,7.8,42.0,5
4de4d2d4d22d2a4ecdfcfb47,6.0,2,2,2.0,7.6,8.0,1
5707c5a1498e3d4a7e0ddd75,2.0,0,1,2.0,,,0
55be5ee4498eae66eb408800,0.0,0,0,2.0,,,0
57d03962498e89edfb5f023d,1.0,0,0,,,,0
5da5770d73fe3b0008ca011c,0.0,0,0,2.0,,,0
4e344ff2a8092599edf8a3fc,4.0,0,7,2.0,,,1
5e0f300e71ca9c000833731e,0.0,0,0,2.0,,,0
4b9006c0f964a520037133e3,0.0,1,0,,,,0
4bcf7a9c462cb71370ccd607,8.0,2,8,2.0,7.0,16.0,6
50ec7336e4b00e1df46dd1ef,0.0,0,2,2.0,,,0
5811da2d38fabe486ce5e18c,1.0,0,0,,,,0
50ab72bde4b0070926d653d6,0.0,0,0,1.0,,,1
4bbb13feb35776b04985cb01,23.0,14,8,2.0,7.7,36.0,8
4b17a9caf964a520e6c623e3,16.0,2,8,2.0,6.5,27.0,6
4e3455fcae60d86c3ab3bad9,46.0,75,30,2.0,8.2,68.0,23
4ff6c5e9e4b01d082020b786,0.0,0,0,2.0,,,0
4bd064c1caff95219bafcef0,21.0,15,85,2.0,7.9,33.0,10
523b299f498e44c8363ced2b,43.0,22,19,2.0,7.7,58.0,8
4f09deebe4b090ef23650898,1.0,0,0,,,,0
504f4e42e4b022569429cc73,0.0,0,1,1.0,,,0
50d4bd9be4b025aee1de1ebd,2.0,0,3,2.0,,,1
4b058851f964a52059be22e3,40.0,12,31,2.0,7.1,62.0,13
4ce41bbec46e6dcbccdfd915,2.0,0,0,2.0,,,0
50b7b1e6e4b03bcbc9c8e5e2,1.0,1,1,2.0,,,0
5b1d809775dcb7002c589772,1.0,1,0,1.0,,,0
5df1a9048a06ab0008b42e82,1.0,0,2,2.0,,,0
50e879c4e4b064546b91fd55,34.0,4,80,2.0,6.1,74.0,24
515c6ed7e4b03125d12ed5cb,6.0,3,4,2.0,5.7,11.0,2
516981cae4b0f5d3ab69bf4a,5.0,0,2,2.0,,,2
4e52943814955fcafdc9ea61,0.0,0,0,,,,0
4f672d41e4b0746beadf6479,15.0,6,10,,6.5,29.0,8
4debe04952b11677f06109ad,5.0,2,20,2.0,5.8,12.0,1
4c9c8a2e0e9bb1f7e14cd45f,5.0,3,3,2.0,,,1
4b058851f964a5205dbe22e3,0.0,0,0,2.0,,,1
50b3d1a2e4b0829b73eb6e20,13.0,3,4,,6.9,20.0,4
507344ffe4b08f504e71c8fa,2.0,0,0,2.0,,,2
5cfbb7e5f5e9d7002c9555c6,1.0,0,0,2.0,,,0
4c473af7c047be9ae9e82f79,2.0,1,2,2.0,,,2
5457fc4a498e4830a339f6ca,6.0,0,0,2.0,,,0
57459795498e8e962ec2ca16,1.0,0,0,,,,0
5db72ee0ed1cdd0008b09c7d,3.0,1,2,1.0,,,1
4bdbf47463c5c9b62c122a68,5.0,5,6,1.0,5.7,11.0,3
50edc470e4b071057f46e55f,0.0,0,5,2.0,,,0
4fdcdca8e4b049c33b80314b,1.0,0,0,2.0,,,0
4bf5093b94af2d7f87373b72,51.0,32,32,2.0,8.1,73.0,20
4c0299129a7920a180a4ce79,4.0,1,1,2.0,,,1
4c20de1e8082d13a3f52f82a,16.0,1,10,2.0,7.7,25.0,7
51409b04e4b004d64f2d29c7,0.0,0,2,1.0,,,0
57a73d71498ef5164b356c44,0.0,0,1,2.0,,,0
4c093707ffb8c9b628826961,0.0,0,0,2.0,,,0
4f96df47e4b0b10b9cd1e4e1,6.0,0,11,2.0,7.3,9.0,1
4bd1e1c0046076b09db67271,3.0,1,5,2.0,,,4
51e2c7af498e2f9baaabc542,0.0,0,0,2.0,,,0
55c48a1c498eb967b232e0a6,10.0,13,8,2.0,7.0,15.0,3
4cdf0c94db125481dcae34ce,1.0,1,0,2.0,,,0
5b8ebf38a0215b002c4a8fa7,2.0,0,0,,,,1
521f846f11d263a91ced20ca,1.0,2,3,2.0,,,1
4fca0202e4b074f1b0211e61,0.0,0,1,1.0,,,0
5186825d498e31ce1b8ae393,1.0,1,2,2.0,,,1
4b05884df964a5204dbd22e3,62.0,37,43,2.0,8.0,84.0,11
51e586b1498e02cab1f0d79a,0.0,0,0,1.0,,,1
4f907123e4b0c550e208014f,7.0,3,12,2.0,6.1,16.0,4
4c0cd28c2466a593848d7621,17.0,5,2,1.0,8.0,26.0,7
4c9b9c0780958cfa813b4dd4,3.0,2,25,2.0,,,3
4ccf1416511b236a317100ca,0.0,0,0,1.0,,,0
5c72c1cd968f31002c749416,0.0,0,2,2.0,,,1
5db5f8388407f60009d9a015,0.0,0,0,1.0,,,0
51896402498efd58f1bb549b,2.0,0,0,2.0,,,0
5ceee0af06fb60002c2f2ea9,0.0,0,0,,,,0
4b4dc123f964a520e4d626e3,18.0,18,18,2.0,8.0,25.0,6
516d2fc5e4b0cb0c2787cd82,18.0,1,15,2.0,6.2,33.0,6
4f9adac2e4b065054b196cd8,0.0,0,0,2.0,,,0
57e67585498e947108b54f85,17.0,18,38,2.0,7.2,26.0,5
5880a3750802cb4bdcef22ea,0.0,0,0,2.0,,,0
4d8a11507139b1f75469c2d4,0.0,2,0,,,,0
526bc888498e3c2988aaef4c,1.0,0,2,2.0,,,0
4cd466f6a5b34688d4ba8750,9.0,5,13,2.0,7.2,13.0,2
4bc0861074a9a5939d20d0f6,83.0,31,64,2.0,7.0,132.0,24
52151ef111d21a16e0084f05,12.0,15,7,2.0,8.1,15.0,3
50ad5a16e4b05efbd3649328,0.0,0,1,2.0,,,0
4d63f95ba5be236a58e6c7db,9.0,1,10,2.0,6.4,16.0,3
4bef4f6dd1b7d13a49a6cdec,4.0,0,0,2.0,,,1
4bd874a1f645c9b66ef9a7e0,17.0,3,26,2.0,6.3,35.0,9
50f54345e4b05818dade92b0,4.0,2,6,,6.1,8.0,2
4fabf6d7e4b05cb200bed3f3,0.0,0,0,1.0,,,0
535e6547498e9a89efa54c77,0.0,0,0,,,,1
4c953d24f7cfa1cd8cbcbb15,20.0,8,26,,6.9,37.0,12
5a1efd46c0f16325ac267184,1.0,2,6,1.0,,,0
4b755636f964a52003072ee3,13.0,6,14,2.0,7.6,22.0,8
4cab3e5e76d3a093c8632a6b,13.0,31,11,2.0,8.1,20.0,8
4b48ca92f964a5201f5726e3,1.0,0,0,,,,0
5b2be17a25fb7b002ca6879b,1.0,0,0,1.0,,,0
5b44ea0d28374e002cbf319c,5.0,3,7,2.0,,,4
4bdda4890ee3a5937b0e2eb0,0.0,0,0,2.0,,,0
4c750913604a3704c96e8149,5.0,1,5,2.0,,,2
5a317829a423620be3539c2c,18.0,11,10,1.0,8.2,27.0,8
4e4d6dacfa76b38f10750e8e,10.0,5,5,2.0,8.0,11.0,3
4c3897871e06d13ad6f4773e,7.0,0,4,2.0,7.3,9.0,1
4c66eaa319f3c9b64651a1ff,2.0,0,10,2.0,,,1
4dcae9b8d4c0dfa030c50f88,4.0,1,0,,,,0
4ce01ac8825e721efe787445,13.0,1,29,,6.6,21.0,5
4b431914f964a5202fdc25e3,199.0,280,65,2.0,8.6,293.0,80
4bb5f6eb1344b713c3c79c04,62.0,34,23,,7.8,81.0,19
4b8babddf964a5205ea632e3,20.0,0,6,,6.7,34.0,7
536d13ce498e19c083564036,0.0,0,1,,,,0
4cfbcb55feec6dcba59c4836,1.0,0,0,2.0,,,2
502e6711e4b07a83cadb2156,0.0,0,2,1.0,,,0
4e285b75d22d848a1462420d,0.0,0,0,,,,0
5731b530498e2ac54eb6637d,1.0,0,1,2.0,,,0
4daf3caf81548efb15a70f77,5.0,1,2,2.0,6.2,12.0,4
4ca8bbcdf47ea143bd137821,49.0,123,20,2.0,8.1,76.0,20
528750df498eb77c77199063,19.0,8,29,2.0,6.6,39.0,15
519a4d02498e1f773e3ed67a,49.0,29,40,2.0,8.1,79.0,24
4bedb2e1767dc9b6dc55d3e9,15.0,3,4,2.0,7.4,27.0,8
4c093e916071a5935191dd32,20.0,8,47,1.0,6.2,38.0,15
51af7fcd498e37d748f9d102,10.0,4,8,,7.2,18.0,4
538da017498e391387425221,6.0,0,2,2.0,6.2,12.0,3
4b05884df964a5204bbd22e3,38.0,42,23,2.0,8.5,49.0,10
500c1c1de4b02f47f78ef725,4.0,0,9,2.0,,,1
4baa78ecf964a520366d3ae3,30.0,14,28,2.0,7.0,46.0,9
4b729aa6f964a5203c802de3,21.0,6,60,,5.8,39.0,10
530510cd498e350c1c8168f0,1.0,1,1,,,,0
4c01a6c7cebfef3bd94797fd,0.0,0,0,2.0,,,0
52ed60cc498edd62be614213,3.0,0,1,2.0,,,1
4dde2e92d1641542183c80b6,5.0,5,1,2.0,7.1,8.0,2
4bb59bdff562ef3b61262f97,13.0,17,16,2.0,8.4,18.0,5
55fd2919498e1dfe1ef23e31,1.0,0,0,2.0,,,0
570a811dcd10deccfc00bada,7.0,3,14,2.0,7.4,11.0,2
4b77029cf964a52035742ee3,10.0,10,25,2.0,6.7,16.0,6
4e43b52ea809d4ed1bb28cad,2.0,0,2,2.0,,,0
4c277a6bc11dc9b6129b2a24,6.0,2,7,1.0,7.5,10.0,4
5366b152498ed0b01ea0a51b,0.0,0,1,2.0,,,0
5dac86cf68cedf0008e145de,0.0,0,0,2.0,,,0
4b2cbc49f964a520dbc824e3,63.0,44,7,2.0,8.3,77.0,11
4f4ff7f3e4b0c5fb013d5324,0.0,0,1,1.0,,,3
51c9a0bd498e33ecd5ea6698,3.0,0,5,1.0,,,0
4bdda46ee75c0f474405c503,6.0,1,4,2.0,7.3,9.0,3
4fc8fb48e4b08079217c5733,1.0,0,1,1.0,,,0
5808aaf138fa0c43f6db24f2,1.0,0,0,1.0,,,1
501d79ffe4b035a2204633cf,0.0,0,2,1.0,,,0
4cb60d0e52edb1f71fe66bfe,12.0,16,31,1.0,7.3,24.0,12
4dbd560dcda109aa6cb06629,8.0,5,27,2.0,6.3,14.0,3
55abc1eb498e4067cf830b8a,5.0,0,2,2.0,,,1
4bd72bbc637ba5939b73f970,14.0,4,12,2.0,5.5,28.0,8
5499d05d498e29e8a6309f48,0.0,0,0,,,,0
50fe6cd1e4b01d666f29b17c,1.0,0,1,2.0,,,1
50dca3c8e4b0658279f75021,2.0,0,1,,,,2
4d066520c2e537046183c367,9.0,2,6,2.0,7.4,11.0,2
577546e8498e47734ab365d2,0.0,0,0,2.0,,,0
4ba4f5f7f964a52000c938e3,12.0,4,6,2.0,7.2,17.0,3
50aa6be8e4b0ea2d5b61f0f7,12.0,5,19,2.0,7.2,17.0,3
5343d5fb498e09073de42307,3.0,1,4,2.0,,,3
528d0e1911d2b6cab99b3f46,0.0,0,0,,,,0
5842a5a25da8f471f2f831f1,1.0,2,0,,,,1
4e6fab4b8998fd5c56c536f6,3.0,0,0,2.0,,,3
4f2c3e7de4b03d064b8ed1fb,1.0,1,1,2.0,,,1
530cffb7498e258c5e055b5e,17.0,4,6,2.0,7.6,25.0,5
50479314e4b05a8c89dc22a2,1.0,0,0,2.0,,,0
4c18ba6f6a21c9b6735dc997,13.0,13,24,1.0,7.1,27.0,19
4c754d72604a370429448249,0.0,0,5,2.0,,,0
4f4e7b4ce4b0272873f1360d,0.0,0,0,2.0,,,1
4bdd84edd33f2d7f99178b3c,33.0,13,25,2.0,7.8,53.0,13
4bd1a72a5e0cce7246c9a184,2.0,0,1,,,,0
57ffde7838fa810122fb10dc,0.0,0,0,2.0,,,0
4d5eca555b276dcb2ee8fec5,2.0,5,2,2.0,,,1
507c5dfee4b0390978ff3e2a,184.0,12,263,3.0,6.6,359.0,84
50619b9ae4b0039ba128e6db,16.0,7,12,2.0,7.6,22.0,6
56bdc69d498e3f0357adca0c,3.0,0,11,,,,1
594921b6a35dce7169d96317,8.0,11,13,2.0,6.9,13.0,2
4bbc5ff63de8c9b627dd9aad,8.0,4,20,2.0,6.8,14.0,10
4c657f2af7a80f472e5e9b7a,4.0,1,1,2.0,,,1
4fc3c6f6e4b0d4112fc7f300,0.0,0,0,2.0,,,0
55e578c1498e5e942ede17ee,0.0,0,0,,,,0
4ea29ff98b81a02f89a785c3,1.0,1,0,2.0,,,1
4f0f4eb2e4b0d2af73c2fa04,0.0,0,0,1.0,,,0
517a5d0a498e2f018502f7bf,0.0,0,0,,,,0
52cee67811d22fb238964a4b,3.0,0,0,,,,0
5257ed31498e59e9f70406ad,2.0,0,0,2.0,,,0
4dd79758d1647fcf3e4dbe81,3.0,1,0,1.0,,,1
4ba64c1cf964a520914339e3,15.0,10,171,2.0,7.1,24.0,10
4c6054f1b6f3be9a0a095f73,13.0,3,6,2.0,6.4,26.0,7
4bdb200d3904a59324e1489e,4.0,3,6,2.0,,,1
5543b3c9498e74843b789124,0.0,0,0,,,,0
4fba7575e4b0c8c4085b8147,0.0,0,0,2.0,,,0
4b804654f964a5202c6330e3,3.0,0,0,2.0,,,0
4b69c4c6f964a52010b32be3,12.0,1,2,,7.3,23.0,8
4b07d144f964a520390023e3,7.0,2,3,2.0,7.9,12.0,4
4f44d29ee4b0c24ce2d9d37e,2.0,0,7,2.0,,,0
522b2439498e04925e190c93,52.0,3,53,2.0,6.8,87.0,17
4d13dfad401db60c4f99d3a4,0.0,0,0,2.0,,,0
4fc4a74ae4b005f3f3f4f35b,0.0,0,0,2.0,,,1
4e9d6023f5b95ad93f8340ff,4.0,0,3,2.0,,,3
4bae70def964a520c2b23be3,63.0,25,97,2.0,7.5,96.0,26
520261e7498e6b63178cc7ff,1.0,0,4,,,,1
4c6d085ba437224b90d92bb1,0.0,0,0,2.0,,,0
4e70e4d9b99302402c806749,0.0,0,0,2.0,,,0
4e71016e1f6ec963ae3c2545,1.0,0,0,2.0,,,1
524bd9f07e484b4167ebcefe,1.0,0,0,2.0,,,0
5157418ae4b0008688e44971,0.0,0,0,1.0,,,1
4fb66991e4b0451d41863bd2,2.0,0,22,2.0,,,3
4b770745f964a520ef752ee3,135.0,151,142,2.0,7.8,194.0,45
4ff19a70e4b0d04a3c5158d2,0.0,3,0,2.0,,,1
4db43de9ec8e571a35d358f1,1.0,0,1,,,,0
517f9894e4b0f9ab223bff5e,1.0,0,0,1.0,,,0
4b0ae582f964a5209e2923e3,29.0,16,20,2.0,7.8,41.0,8
4f6b5e1ae4b026c4accf913b,0.0,0,0,2.0,,,0
4e6897a8a8095c020028e5ee,5.0,1,7,,6.4,12.0,5
57069fbbcd103c1b961045c0,0.0,0,0,,,,0
505cb063e4b0475262896351,5.0,0,3,1.0,,,1
562278da498ed7b186a5bf2e,43.0,50,42,2.0,8.2,57.0,16
5257fd7611d291f21e9b39fd,2.0,0,5,2.0,,,0
4ba521b8f964a5208ee138e3,6.0,2,9,2.0,6.5,11.0,3
4c321bc466e40f4710f3c58b,39.0,18,29,2.0,7.9,59.0,17
51a5d830498ec540385daad3,0.0,0,1,2.0,,,0
50a7cee3e4b041e7e114b8bb,1.0,0,0,2.0,,,0
4e08c7006284d9ee92dd6a57,0.0,0,6,2.0,,,0
4b058851f964a52073be22e3,10.0,9,14,2.0,6.1,16.0,4
50709b3be4b02bfe65baa008,0.0,0,0,2.0,,,0
4c4dd68c1b8e1b8dd0994326,20.0,10,34,2.0,7.6,32.0,9
55417367498eea893ab8ee8b,15.0,25,15,2.0,6.9,22.0,6
4c08dc2e340720a1d3b98393,1.0,1,2,2.0,,,0
4d319b6e8250f04d1826ebe0,0.0,0,0,2.0,,,0
5d3202910be70b000886d81a,1.0,0,0,1.0,,,1
4be999836295c9b6e2698508,0.0,0,0,2.0,,,0
4d711b93cea9236a5ec7411b,0.0,0,2,2.0,,,2
587a3152d8b0ed220f2acc75,2.0,0,4,,,,4
4de6151ed4c09fc98b75c2c3,0.0,0,1,2.0,,,0
511cd603e4b080885dfe850f,0.0,0,1,2.0,,,0
530a2393498e95adeeae3a16,1.0,1,0,2.0,,,0
4b476689f964a520ee3026e3,15.0,4,18,2.0,7.4,22.0,4
4b780317f964a52004b22ee3,21.0,21,16,2.0,8.3,29.0,7
4b5c1375f964a520582329e3,1.0,0,1,1.0,,,1
4be7080f2468c92855fd0143,96.0,86,100,2.0,8.5,152.0,47
4c6ac32dce1eb713949ebb1e,7.0,2,8,1.0,6.2,14.0,4
4e3597b61838f85189a8363d,5.0,2,8,,6.6,8.0,3
52c1b250498ebd959ce37e79,2.0,1,4,2.0,,,0
4feca99be4b042799e44e8ef,6.0,6,29,2.0,5.9,21.0,10
5c9f6ba5fd16bb002ce0b7c3,0.0,0,0,,,,0
5815998c38fad79ec2c721ea,0.0,0,1,1.0,,,0
4c02967d0d0e0f477e4d019a,2.0,0,2,2.0,,,1
4ca0d7c319e4236a211b6589,6.0,0,6,,,,0
4bc5fa4cf360ef3b23e9da2d,1.0,0,0,2.0,,,0
51e04164498e47127746fbd9,0.0,1,1,2.0,,,0
528e70b311d2688755455ed2,0.0,0,0,2.0,,,0
4d5d11885d15370400c779e7,16.0,2,3,2.0,6.5,31.0,9
4bd479087b1876b06f108986,119.0,81,73,2.0,7.5,190.0,39
4c7fdacbd92ea0937b833272,2.0,0,1,2.0,,,0
5287bfc611d2e4c3a41557ed,2.0,0,1,2.0,,,1
4ff03404e4b000351aa63b4d,8.0,9,12,1.0,7.1,12.0,3
4b058851f964a52072be22e3,11.0,6,9,2.0,6.9,18.0,4
5cd313659ba3e5002c239715,0.0,0,0,,,,0
54384747498eb1650c7cd444,0.0,0,0,2.0,,,0
59c024b16bdee626d83b329e,0.0,0,0,,,,0
54c0dfff498eb34a1c75df20,4.0,0,2,2.0,,,2
4ead8fd5dab4a75e0a24dfc4,4.0,0,1,2.0,7.3,9.0,7
4c01595358dbc928a22dee6b,9.0,5,13,2.0,5.8,19.0,2
4dd7b3c91f6ee1468328687c,0.0,0,0,2.0,,,1
5049cd14e4b00cd4559040cf,0.0,0,0,2.0,,,0
4b71acaff964a5204d552de3,0.0,0,0,2.0,,,0
56266f38498e4efa00540ce7,2.0,1,5,1.0,,,0
4ddbff92d164236dd369e0c2,9.0,2,1,2.0,7.9,13.0,5
4b86cc84f964a520239e31e3,8.0,13,16,2.0,6.7,15.0,4
4be82316c5220f477f55a9ca,0.0,0,0,2.0,,,0
4c0f73557189c928d408dab6,0.0,1,0,2.0,,,0
58c555de5804ea5c14011c63,31.0,21,53,1.0,7.6,48.0,14
54c8d593498ef00bd3a39713,1.0,0,2,1.0,,,0
54bff996498e753931508153,8.0,3,19,2.0,7.6,10.0,1
4e383d53ae6076788f1c0e52,16.0,1,6,,7.0,22.0,2
5dfbafa0d200ab0008da92b1,0.0,0,0,,,,0
5086e4c1e4b0028eea9bc9ea,8.0,1,25,2.0,6.8,13.0,6
4bc8b206af07a5933671812d,0.0,0,2,,,,1
53bdc460498e49ace01da421,0.0,0,0,2.0,,,0
51372e7ae4b08fbb2aadaa6c,3.0,0,11,1.0,5.4,8.0,1
591445cb2b984456b9959101,0.0,0,0,2.0,,,0
5436e8c5498efceef8bd5608,5.0,0,1,,,,0
53e4f866498ed133e29c8b40,3.0,0,2,2.0,,,3
4bea8c446295c9b6e57e8608,1.0,0,0,2.0,,,0
51518e92e4b03359b7706fed,1.0,0,1,1.0,,,1
5522844d498ebe23687205ec,7.0,4,7,2.0,7.3,10.0,2
551312ce498ecb1f74e10276,10.0,1,8,2.0,6.8,16.0,3
4f773877e4b05c37fb409ee2,8.0,7,11,2.0,7.2,14.0,4
4ba133b8f964a5209da137e3,6.0,1,13,2.0,5.8,17.0,10
4ff0a36ce4b0ef320d899764,0.0,0,0,2.0,,,0
4c9ca10c0e9bb1f75137d55f,0.0,0,0,2.0,,,0
4f704d2ae4b0463c963ceaa2,0.0,0,0,1.0,,,1
4eee3fa28b81bbbf5e192ca5,1.0,0,0,2.0,,,3
59ee1bc53ba767222d921da6,7.0,3,3,,7.1,10.0,3
4cdf0df694c3b60c5d6969ea,9.0,1,4,2.0,7.7,13.0,3
508d709ee4b05f3f84637fa9,2.0,1,0,2.0,,,0
59b801074ce06668d04c0777,0.0,0,1,,,,0
4c2780a33703d13ae80ea736,1.0,0,0,,,,0
502aae09e4b0bcbf4e85e8bf,6.0,6,11,2.0,7.3,9.0,3
4c1b96198b3aa593ec65975f,2.0,1,0,2.0,,,0
5549fd22498e4f3ae5dd550a,8.0,1,27,2.0,5.4,22.0,3
54a92229498e8bfa13d8116f,1.0,0,0,2.0,,,0
4d299b90915fa093c2df070a,2.0,0,1,2.0,,,2
4c2ba0cf2219c928f9e6a448,15.0,5,20,2.0,6.0,27.0,9
4ecd404e6c25f61c32c4d260,1.0,0,0,,,,0
4cf6b4b8d3a8a1cd0dc9d243,5.0,1,4,2.0,5.9,11.0,6
4f857100e4b01c6ea32d5b63,38.0,43,1,1.0,7.9,60.0,16
4b181611f964a520b6cc23e3,21.0,22,43,2.0,6.0,35.0,5
4ce91fe9678aa0938e90ecea,10.0,5,6,2.0,7.0,15.0,4
4bf0f3be6f8aa5932867c23c,5.0,0,2,,6.2,10.0,3
56a7624e498e9aed607e34e6,8.0,0,14,2.0,6.5,14.0,3
4de0c06efa76425c5420a49b,2.0,0,3,2.0,,,0
5aabd9cafd9d7365f06b30a2,14.0,14,17,1.0,8.6,23.0,6
4da032e94977236afbc3bd96,4.0,0,8,2.0,5.5,9.0,1
50f307abe4b0c052510e7d54,6.0,0,3,2.0,6.2,9.0,1
5846ab0e3cccc65e8712787e,5.0,1,4,2.0,,,1
57d45d23498eddf03b4883fc,0.0,0,1,2.0,,,0
4cea6a4ee1eeb60c0808aeae,4.0,3,5,2.0,5.7,8.0,3
4ca6497944a8224b1bda0140,2.0,6,10,2.0,,,0
52f3d9cf11d23fdabe9cfbf9,0.0,0,0,2.0,,,0
4d9cae4e5c33a35de441f0a0,2.0,0,1,2.0,,,0
4cd1b0e248b83704b568fade,27.0,11,9,2.0,8.5,33.0,6
575c4fd0498e89530b186b7e,0.0,0,0,2.0,,,0
4daae1b84b22f071eac153d9,0.0,0,0,2.0,,,0
58d55d048ee560562cdb60e6,7.0,2,4,1.0,7.5,8.0,1
5c6ab4eae1f0aa002c3ca52b,1.0,0,0,2.0,,,1
51cc524a498ea2118d13a174,17.0,7,18,1.0,8.1,23.0,5
4f2436b7e4b0e12081657e5c,6.0,0,3,,6.5,11.0,4
4ca6184df47ea1432a275d21,4.0,5,7,2.0,6.3,9.0,3
4fb2456ce4b0b9253b50b063,2.0,0,0,1.0,,,1
4ec931626c251306cd758fbb,1.0,1,0,,,,1
53ea16f9498e7d4c36e68cd2,0.0,0,0,,,,0
4bf574d894af2d7fe3bf3b72,10.0,6,18,,7.8,17.0,6
59651cfb5455b213b7fcd180,0.0,0,2,2.0,,,0
4bd0794b462cb7133d64d807,57.0,30,43,2.0,8.4,84.0,15
50c0d86ae4b007d158a7b2e6,0.0,1,1,,,,2
4bb1071ff964a52019743ce3,24.0,23,11,1.0,7.8,43.0,19
4c0a929bbbc676b029104ad5,1.0,4,3,2.0,,,3
57250bc9498e5efa0ee29423,0.0,0,0,,,,0
578d3c36498e5b17a08debfa,1.0,0,8,2.0,,,0
4da48fc6b521224b3b5035ee,13.0,1,12,,5.6,31.0,7
4f73a642e4b0250b70a07c15,0.0,0,0,,,,0
4cdd7694c409b60cf595e01a,18.0,4,43,2.0,5.3,43.0,11
5329ddf0498ed360764e4f76,0.0,0,1,,,,1
51560796e4b04d6d8359b3d5,0.0,0,0,2.0,,,0
50069d5ee4b06737890a1b10,1.0,0,0,2.0,,,0
5721e5db498e99608c73fdf7,32.0,32,31,1.0,7.1,56.0,25
4b803746f964a520465d30e3,14.0,3,10,2.0,7.7,20.0,4
5d678c146637d100076fb13f,1.0,1,0,1.0,,,0
4bd4063e462cb7131da9df07,22.0,4,2,2.0,7.8,31.0,7
5253f1e5498e6b4a6ca787d8,4.0,0,9,,5.7,8.0,1
4caef182aef16dcb5f39a454,2.0,0,0,2.0,,,2
50edb54ee4b0f4fa74eb61d0,3.0,0,1,2.0,,,1
4ba11674f964a520999637e3,25.0,14,32,,6.5,47.0,9
4c3af1814565e21e7dd9556a,1.0,0,0,2.0,,,0
50d1bc8de4b0ece9125fb780,3.0,0,2,2.0,,,3
4b93ee8ff964a520bb5a34e3,13.0,1,20,1.0,5.7,25.0,9
4dadcbde8154b108fec69554,0.0,0,1,2.0,,,0
4b5365ddf964a520d99a27e3,38.0,44,27,2.0,8.1,55.0,15
510519dce4b0ad7f3aa19827,1.0,0,1,1.0,,,1
4b7ee17af964a520730630e3,5.0,0,2,,,,0
4e0624a6a809495e6190ae4e,6.0,2,3,1.0,6.9,10.0,5
4d56ba8dcf1b37044a49c23f,0.0,0,1,2.0,,,0
4e0affee8877cb3b2aba0b82,70.0,6,86,2.0,7.1,108.0,19
5200d9b1498ec644ee611c60,0.0,0,1,2.0,,,0
55a4e583498e37bc40ef49c8,7.0,0,2,1.0,7.7,8.0,1
50119253e4b07f20b21972e8,0.0,0,1,,,,0
55709438498ef37455b44a69,40.0,53,17,2.0,8.1,59.0,11
52068a2711d29a563be73a63,0.0,0,0,2.0,,,1
51d71c15498eeedbb4e002df,0.0,0,0,2.0,,,0
4ce934ebf3bda143fb86bee4,100.0,14,95,2.0,6.8,161.0,24
4fdcdda7e4b0d60dd89df1d2,0.0,0,0,2.0,,,0
4c4582628c1f20a146d33d99,1.0,1,5,1.0,,,2
5df4dfe7c02d8800071fd302,0.0,0,0,1.0,,,0
53998225498e723ddb13ff83,0.0,0,0,,,,0
4d65617d7f84f04d908300b5,5.0,5,4,2.0,6.8,9.0,2
4c0015eeca1920a1b3d0ed81,0.0,0,0,2.0,,,0
4b058851f964a52061be22e3,4.0,1,7,2.0,6.7,9.0,2
5bbc62a81c675b0039c94a3f,0.0,0,0,,,,0
4b05884df964a52031bd22e3,20.0,10,13,1.0,7.3,32.0,8
4d8b381b6ce6a35d5a267042,37.0,8,21,2.0,7.6,54.0,10
594951f2dab4b165b83c2f7c,0.0,0,0,2.0,,,0
522b77af498e3142878997a1,1.0,0,0,1.0,,,0
4c6a7cbb8e7c0f47363ae20f,0.0,0,0,2.0,,,0
53385570498ed4b32806d5e3,9.0,1,5,2.0,5.7,19.0,5
4b058851f964a5205ebe22e3,21.0,5,75,2.0,5.2,50.0,14
4ec11a60e3005ff92a4912fe,186.0,196,66,1.0,8.3,272.0,49
51d70288498ec745aa51dc1c,2.0,0,1,2.0,,,1
523b3c5a11d2e259fdf933dc,1.0,0,2,,,,0
59c3a605916bc16009ae5d8d,0.0,0,0,1.0,,,0
4b50c13df964a520063127e3,8.0,10,10,,6.1,13.0,2
4cb0b305c5e6a1cdb58ad7f6,4.0,0,4,2.0,,,0
554c66d0498e1a6ae2ff6c94,0.0,0,0,1.0,,,0
511e214de4b0e99fc13dd8a5,2.0,0,0,2.0,,,0
4c7a9cc6566db60c5a7f480e,2.0,0,0,,,,0
58f8c27b4382ab47124898c4,3.0,1,6,,,,1
4f6a1f24e4b0faad0aa9fa0b,0.0,0,0,2.0,,,0
52a8ba47498e9c25880b7a9a,0.0,0,0,,,,0
4d8ce377fa9437044a42dbc5,5.0,0,2,2.0,,,1
4db3fc39f7b121c29f4273da,3.0,0,0,2.0,,,1
5151e5dde4b0bc4fb7c43ea0,0.0,1,2,1.0,,,0
4b4f737df964a5202d0727e3,39.0,17,28,2.0,7.0,63.0,9
52d430c2498e925610897642,0.0,0,0,2.0,,,0
5001c4fae4b034c293b276a0,12.0,2,15,2.0,5.4,25.0,6
51596ee6e4b0967e33401caf,0.0,0,0,2.0,,,0
4b6db18bf964a52019872ce3,11.0,3,3,2.0,7.6,14.0,2
4b54c619f964a520cccb27e3,5.0,3,3,2.0,,,1
4db6ff3e5da3a76f447202b8,23.0,15,23,2.0,7.7,30.0,5
51190d91e4b03e992e94ed32,2.0,0,0,2.0,,,0
4c08da636071a593b9d7dc32,1.0,1,0,2.0,,,0
4c5b9deb2815c9285e0bb067,0.0,0,0,,,,0
4f6a2a33e4b012ec870c18ed,0.0,0,0,2.0,,,0
5a8430a2a9e4027bb9fcfd94,1.0,0,0,2.0,,,0
4d8ce4fb3bfef04d63227486,0.0,1,0,2.0,,,0
4b0e4116f964a5205d5623e3,0.0,0,1,2.0,,,1
4f439c30e4b0c5334eb0d4cd,2.0,0,3,2.0,,,1
4db1889b4b22ba776d845f09,0.0,0,0,2.0,,,0
4b71ad29f964a52072552de3,14.0,7,8,2.0,6.4,24.0,6
4fda4dece4b04a33849e8b5e,2.0,0,6,2.0,,,2
4c83aba7e602b1f73d88a77a,0.0,0,0,2.0,,,0
4ea55087dab47252711d3b2b,0.0,0,0,,,,1
4ee3b083e5faffd730ee4773,60.0,41,35,2.0,7.9,84.0,20
4b058851f964a52055be22e3,5.0,2,0,2.0,6.7,10.0,4
4b5ee132f964a520219c29e3,12.0,4,9,2.0,6.9,23.0,6
51197088e4b0f8a4d914d24c,0.0,0,0,1.0,,,0
4d5c5ced590b224b0c2da06d,67.0,10,34,1.0,7.3,104.0,19
555b1614498eec1621e6c7b5,0.0,0,1,1.0,,,0
4c1cc64deac020a1e8fe46c2,0.0,0,0,2.0,,,1
5af89d7bacc5f5002c089278,5.0,1,2,2.0,,,0
54b91862498e3e13bd0101d3,1.0,0,4,2.0,,,0
55ba5da9498e59094a8893bf,31.0,18,20,2.0,7.5,44.0,11
4b058850f964a5202fbe22e3,8.0,8,5,2.0,7.5,13.0,5
4f3e892ee4b0d0c631b3eb35,1.0,0,0,1.0,,,1
522094ba11d2faed49206d6e,1.0,0,2,1.0,,,2
510cfe3ee4b0873bbf4ebe00,15.0,1,2,2.0,7.2,22.0,5
4c2cea5977cfe21e88c9b6f1,0.0,0,0,2.0,,,0
511e310ee4b07a9f9f1e8935,0.0,1,0,2.0,,,0
4bba2f0798c7ef3b23ce3202,2.0,1,0,2.0,,,1
4c1671b15e88c92820242466,2.0,0,1,,,,1
4caefc0ceb65b1f79fbb5fcd,0.0,0,1,1.0,,,2
4f9c2879e4b0d2bd62c9ad9f,0.0,0,0,2.0,,,0
5163f4e6e4b06639d642a143,10.0,2,12,1.0,7.3,14.0,2
4b058851f964a52051be22e3,7.0,3,25,2.0,6.4,13.0,2
4f94103fe4b04c0c9f85ba9f,1.0,0,1,1.0,,,0
50f3fb36f2e70f314efec89c,0.0,0,0,2.0,,,0
4bb1d3e1f964a52012a53ce3,4.0,1,0,,,,1
4c2c7bd177cfe21ea009b6f1,0.0,0,0,,,,0
4ca8e82df47ea1434e0b7a21,2.0,0,0,2.0,,,1
5218f51211d28f3e1bba6d3a,2.0,1,1,,,,2
56f2d0ed498ed53b213a5459,11.0,1,11,,7.0,16.0,3
4bae58c7f964a520d9a53be3,22.0,4,8,1.0,6.9,36.0,13
4b18fba2f964a520ead623e3,1.0,0,2,2.0,,,2
4e4438e862e1b6355aa97ff5,1.0,0,1,,,,1
5957bc142e26800edb38a2b6,9.0,7,6,2.0,6.9,13.0,2
5054c944e4b066826d348ca9,2.0,2,0,2.0,,,2
4e9c8d7b9a52edbd662842d5,99.0,94,67,2.0,8.7,143.0,40
4cdb0907fc9737047562cc05,23.0,6,21,2.0,7.3,36.0,10
58320014fb549a1ff5929087,1.0,0,1,2.0,,,0
4b87badef964a5200ac931e3,1.0,1,0,2.0,,,0
4f131596e4b03802045861bc,1.0,0,0,2.0,,,0
4cdf3d24f8a4a143fa21ddbc,1.0,1,2,,,,1
5c2279384a1cc00039a6848d,0.0,0,2,2.0,,,0
4d51997e71548cfa7c2c1d9a,0.0,1,13,2.0,,,0
51a8c7d7498e7478bcffc291,6.0,0,2,2.0,6.6,8.0,2
52585a9311d268080ec9266c,0.0,0,0,,,,0
4ceebadeb80da093040c2900,19.0,0,42,2.0,5.6,41.0,10
509fe800e4b0a0263fab77e1,3.0,0,3,2.0,5.4,8.0,0
4bb4ad742ba29c74d916ef2d,0.0,0,1,2.0,,,0
509a494ae4b0742486d3463e,0.0,1,0,2.0,,,0
5e28292f9309440008389409,0.0,0,0,,,,0
4c7ea41001df370499e2e3ac,12.0,0,6,2.0,6.3,28.0,12
4f941374e4b0cd2d540fba59,5.0,0,5,2.0,,,2
5cd88b09e55d8b0039075761,0.0,0,1,2.0,,,0
4d74c4fed238a1cd9b92da0e,11.0,1,24,2.0,6.8,16.0,1
4cf7e1330a71224b54d82593,6.0,4,17,2.0,5.1,22.0,7
4ca074f92fb1a143c52efc40,7.0,1,8,2.0,6.1,13.0,7
4c6c308bf2846dcb553862e9,9.0,6,6,2.0,6.6,14.0,3
4c6fec0cfa49a1cd5b4aa4e3,22.0,5,28,,7.4,28.0,4
4bab4fc9f964a520af9f3ae3,24.0,35,23,2.0,7.6,35.0,19
4b9d1a8ef964a520e88f36e3,13.0,0,1,2.0,8.0,17.0,6
4d83c2b640a7a35d970afdbd,0.0,0,0,2.0,,,0
4f8b14bee4b03a0f26f24333,0.0,0,3,2.0,,,0
4db1a37093a0615768596e07,0.0,0,0,2.0,,,0
4e7f532893ad5ce35fe39761,1.0,0,0,2.0,,,1
571120d3498eecb48de21cea,1.0,0,2,2.0,,,0
575b0c2f498eabc93610af56,5.0,1,0,2.0,,,2
4c6581f7f7a80f47e1689b7a,8.0,3,8,,7.4,15.0,8
4e57f0dc227131507c94e271,1.0,0,0,2.0,,,1
4ee3cee45c5cfa48f9d79200,3.0,1,1,2.0,,,4
50755d1ee4b03ae5c08e6c4f,2.0,0,0,2.0,,,2
4b058851f964a5204cbe22e3,7.0,4,23,2.0,6.4,14.0,5
4c7cd60e7a856dcbf22ae3a7,19.0,12,35,2.0,6.8,34.0,12
4b080ac7f964a520d30223e3,270.0,73,117,2.0,7.5,427.0,72
4fbbf224e4b03c163a201648,1.0,0,1,2.0,,,3
501d47d9e4b0b1c509c98cbe,1.0,0,0,2.0,,,0
509e9d76e4b01b9e49b8c589,3.0,4,3,1.0,,,1
52bb23ea11d29cfebc49ed50,0.0,0,0,,,,0
4d977e6c0caaa143736294b3,68.0,39,67,2.0,8.8,100.0,28
515ef7dbe4b044425a73c8f2,0.0,0,0,,,,0
4b97fc83f964a520342435e3,27.0,7,37,2.0,6.2,51.0,15
5c5e2b06898bdc002c656d25,5.0,3,4,1.0,,,2
55cb5f81498e7739149f0516,0.0,0,2,2.0,,,0
4c780a4c3badb1f7206c4a54,4.0,0,0,2.0,,,1
51268da9e4b077f704efced8,2.0,0,1,2.0,,,0
56eea100498e6f8868c0ff2b,3.0,0,4,2.0,,,1
503f4b47e4b08e50ffbbe925,0.0,0,0,,,,0
4bab48e6f964a520c99d3ae3,7.0,2,7,2.0,6.5,14.0,5
504264c3e4b02607d0d2b9ab,1.0,1,3,1.0,,,0
4c128db8127f95214a852425,3.0,1,4,2.0,,,1
512bbface4b0e22f0f3e65a4,1.0,0,13,2.0,,,1
4c03a09a187ec92865dfb57b,2.0,1,0,,,,0
4cf28f9f94feb1f720f11dba,4.0,0,1,2.0,,,1
4bd88ac911dcc92875c9f633,5.0,0,0,2.0,5.7,13.0,3
4c28e660e19720a1cca7f858,11.0,6,7,2.0,7.3,14.0,6
55bcd7cd498e9f5df1349196,3.0,0,3,2.0,,,0
4bbdc14c0780952160e2da91,0.0,0,1,2.0,,,0
5347f35d498e040dc70720ba,1.0,0,4,,,,0
4b058850f964a5202bbe22e3,52.0,38,17,2.0,8.6,67.0,10
5273e29111d2c62721f0134a,0.0,0,3,2.0,,,1
4f64ce47e4b0c7552d244087,0.0,0,0,,,,0
54b2ccf4498ea91cea87ddec,1.0,0,3,1.0,,,2
4c8a75e1770fb60c0cd0d2c3,9.0,1,3,2.0,7.6,12.0,3
4ca9be2344a8224b7dff2340,2.0,0,3,,5.6,8.0,3
4b9f70a0f964a520bd2237e3,0.0,0,0,,,,0
5436e4bc498e905e90ab4420,0.0,0,1,2.0,,,0
55f45874498e0794ff18de52,13.0,6,13,2.0,8.3,20.0,7
4db499f4cda1c57c825f0f5a,3.0,2,2,2.0,,,3
4de11a0ec65bcc724f4fe5e0,0.0,0,0,2.0,,,0
4f9ad232e4b0b04583b25cbd,1.0,0,0,,,,0
50c6175ce4b0e7fe4f431756,0.0,0,2,2.0,,,0
4c713b0c9a669c74ab43e2bd,3.0,4,8,2.0,,,2
4c7b9be1a86837040ebf164d,0.0,0,0,,,,0
4e63c1f67d8b85408a3af592,20.0,3,12,2.0,7.3,34.0,8
4d983763647d8cfa18dde93d,88.0,7,158,2.0,6.3,178.0,41
4bd4a4d77b1876b09b7d8986,52.0,58,20,2.0,8.3,75.0,23
4cd993aaa99d370455fd0bce,2.0,0,1,2.0,,,0
4b9d1812f964a520098f36e3,9.0,3,20,2.0,7.1,15.0,5
5006e5eee4b0e4c2aa767e95,2.0,1,4,2.0,5.5,8.0,4
4b066834f964a52096eb22e3,3.0,1,1,1.0,5.7,8.0,5
55520b6c498ef95f48e239c1,2.0,0,2,,,,1
5ba6981767af3a0039c79162,2.0,5,4,2.0,,,0
54208bde498ea8146c42cc25,1.0,3,2,2.0,,,1
578b98ff498ee50b09b18e03,0.0,3,1,,,,0
5a347a64340a5844b3023fe9,15.0,19,19,2.0,7.7,23.0,5
5a21bc8eb37e2b5bbfabe150,2.0,3,2,2.0,,,3
51f01af9498e31cc3030c3d2,13.0,3,10,2.0,6.2,21.0,1
4bccfd7d511f95210b17b4c7,21.0,4,17,2.0,8.0,32.0,8
58da577f7d66be5bc035ef0a,0.0,0,1,2.0,,,0
4c0bbce26071a59393a1e132,3.0,0,4,1.0,,,3
4f219ea5e4b0cebcfb7c124d,0.0,0,1,2.0,,,0
4b7ab60ef964a5208f382fe3,112.0,26,85,2.0,7.5,175.0,30
56b5d2aa498e7c19990eedfa,1.0,1,0,2.0,,,1
4cc06d0c021ca1436f67620c,6.0,0,1,2.0,7.7,8.0,4
4f6c6abae4b0d6389ffe505d,15.0,13,6,1.0,7.3,22.0,5
51a50e18498e305989c0a2f7,7.0,0,13,2.0,7.6,14.0,5
4bad22b0f964a52052313be3,17.0,27,17,2.0,7.8,27.0,11
5c26177cf2554e002cc00543,2.0,0,0,,,,1
52ed65c9498e53696f2ff0c1,1.0,0,8,,,,0
53b58890498e018010a48352,20.0,12,9,2.0,7.0,27.0,5
4b6d1e0af964a5208b672ce3,107.0,9,328,1.0,6.2,218.0,56
569548cd498eaa3e26228994,9.0,2,13,2.0,6.7,15.0,3
5b52320ee1f0aa0039eec968,2.0,0,0,,,,0
584995ea266c113457e7e771,1.0,0,0,2.0,,,0
4c8b897a9ef0224b57ec647b,0.0,0,2,,,,1
4da8a2406e81162ae7aa3f93,4.0,2,1,2.0,6.2,9.0,3
503deeb5e4b096849417986f,0.0,0,1,2.0,,,0
4efb4cb67ee5bf7995cf94e6,0.0,0,0,2.0,,,1
4be18db04ed5c9b6e29dccce,9.0,4,23,2.0,7.0,14.0,4
52207a4b11d2aa7f90fda67f,5.0,0,2,2.0,,,1
502e92b4e4b089f5e630a563,0.0,0,0,1.0,,,1
579f820b498ee60ebcdd1b8a,11.0,1,14,2.0,6.9,19.0,5
4d91bcbf3dd4a093f5ed7f18,0.0,0,3,1.0,,,0
4bddb1be6198c9b6534a11ff,5.0,1,7,1.0,6.6,11.0,4
4db9653493a0f369e86d6e9b,0.0,0,0,2.0,,,0
5dad8f8298f83d00085f796f,0.0,0,0,1.0,,,0
4f4fa1cfe4b066791b1765f4,0.0,0,2,,,,1
4b058850f964a52033be22e3,40.0,21,30,2.0,8.4,54.0,12
4de3832a1f6e3190cd28b892,4.0,0,2,2.0,,,2
533f0922498e9a7be7368807,1.0,0,1,1.0,,,1
5a5a6f9fa423620ec1ebc771,0.0,0,1,2.0,,,0
4dc280d7b0fb490416afd280,0.0,0,2,,,,3
578ac85e498ebc33f15e8af0,0.0,2,0,2.0,,,0
4bf5843bbfeac928c99c9236,13.0,3,4,2.0,7.2,21.0,5
563b484acd10bcba8016df1e,1.0,0,9,1.0,,,2
548ed04a498e00314e739da3,0.0,0,5,2.0,,,0
4c0f7f0f1281c9b607981e1d,0.0,0,0,2.0,,,0
5b97aec4c97f28002c114f17,2.0,1,3,2.0,,,3
4c5d775f6147be9a3b039209,0.0,0,1,2.0,,,0
5ac8bac06bdee60dc8024f8b,2.0,0,1,2.0,,,0
5110309be4b0607cfe152fbe,77.0,66,69,2.0,8.2,122.0,40
4cebed38f69f6a3175bc2c3f,41.0,23,35,2.0,7.8,62.0,16
4b8f9fd2f964a520685a33e3,7.0,5,6,2.0,6.0,15.0,5
579b67e3498e9bd83599690c,0.0,0,0,,,,0
4beee0e8d355a593267d0b60,15.0,8,11,2.0,7.1,20.0,7
4dad68948154b108febd5d0d,37.0,86,20,2.0,8.6,52.0,15
517d0f35e4b01b1217f1f92a,1.0,0,7,,,,1
4ce17422f8cdb1f7a5c49c12,9.0,3,4,2.0,7.0,16.0,7
55291d2f498eaba11d658780,0.0,0,0,2.0,,,0
4c586fa76418a593a2ab810e,5.0,1,4,2.0,5.9,9.0,1
4c7a955fbd346dcbcddef8ef,5.0,0,3,,,,2
4e66664b7d8b7bfbc41790f0,0.0,0,0,,,,0
563155b5498e06a4ad8dd44d,0.0,0,0,,,,0
4f9aef64e4b08ea038599211,0.0,0,1,1.0,,,0
4d7d1077d1c28eecdb151974,13.0,9,39,2.0,7.0,20.0,5
4c4ab94b959220a138d9860e,6.0,12,61,2.0,6.2,12.0,3
4bff883ae584c92882516e25,59.0,9,87,2.0,6.6,111.0,26
56227b23498e626304b13738,0.0,0,0,,,,0
4d0609e6347da1cdf8d6338f,1.0,0,1,2.0,,,1
4f29b16ce4b015f8e4ecbe76,7.0,1,4,2.0,7.7,8.0,1
5c71d1e2872f7d003950d923,0.0,0,2,2.0,,,0
4ccdb0be063a721e5723969a,7.0,7,7,,6.0,13.0,2
4d025c6c3be26dcb683278e4,3.0,0,5,2.0,6.2,9.0,2
4c069f398a81c9b6ff012690,168.0,179,73,,9.0,296.0,149
551ff7fa498e84e70729fddf,0.0,0,1,1.0,,,0
530c780a498e5c6775d9c18d,0.0,0,1,,,,0
4ea06014b80362c662b7d40a,0.0,0,0,2.0,,,0
50a680b0e4b0c08636e6c792,2.0,1,0,,,,0
4f7b0325e4b054bfe47e0f71,2.0,1,21,2.0,,,1
5a14ad82f0b4903ccb3b3ca8,1.0,0,3,2.0,,,0
4f2ed7e1e4b0d411bc7a76d6,50.0,8,71,2.0,6.4,100.0,29
4b867213f964a5207e8a31e3,3.0,0,3,2.0,,,1
5894a3b3fc5a5f6cdaa04890,39.0,59,19,2.0,8.7,52.0,12
4d76105d7fe3224babba978a,9.0,3,6,2.0,6.3,15.0,1
4c6cf641d086952157e60aea,11.0,4,8,1.0,7.9,13.0,5
536295e6498e5188a81f10c6,1.0,0,1,2.0,,,1
4da04c12784f37042f1a96af,7.0,1,8,2.0,6.5,14.0,4
5a49f270dff8156fd0549613,17.0,1,29,2.0,6.0,38.0,5
53c574b5498e5fce9b748b68,8.0,0,1,1.0,7.5,11.0,4
4c14b289a5eb76b05d23c2b7,2.0,1,5,,,,3
51606d24e4b0a489e94f576d,9.0,1,3,1.0,6.0,16.0,0
5b1a6baba2c00b002c24c743,0.0,0,6,2.0,,,1
4f3a45aee4b0b6d3bb932084,0.0,0,0,1.0,,,0
4eb28ed393ad74b3b921eabc,6.0,1,7,2.0,6.8,8.0,0
568ba543498e258b72cbbc89,12.0,5,16,2.0,7.7,17.0,3
56a0d55d498e7f952d019e59,5.0,1,9,2.0,6.2,9.0,3
514f39f0e4b069b911f5ff8b,2.0,1,1,,,,0
555e1fed498e8bc2547cfffa,14.0,0,35,2.0,5.5,31.0,8
4b105692f964a520316e23e3,11.0,4,6,2.0,5.9,20.0,4
544403e7498e68b517225bf4,16.0,5,10,2.0,7.8,22.0,4
4b37bb39f964a520264525e3,19.0,6,4,1.0,7.3,31.0,6
55abd11a498ee3c73e4b8c5c,6.0,2,4,2.0,,,3
4d5bbba11e43236a01df1183,12.0,4,5,2.0,7.7,16.0,1
4d2d9c64a40da35d71499377,1.0,0,0,2.0,,,0
5b4cef922f97ec002bd70ea7,0.0,0,0,2.0,,,0
4c1371bd583c9c74eb6d3fa4,16.0,12,10,2.0,5.9,36.0,11
504e328ae4b01028dd988b86,1.0,0,1,2.0,,,2
4d41ca3d90f9224bd03a131e,3.0,0,1,2.0,,,3
4dcff819d4c065592fa43f8b,0.0,0,0,2.0,,,0
4fe5cc3ae4b045277ef60804,1.0,1,0,,,,0
565ddf35498edbd99c0e9798,6.0,1,3,2.0,,,0
59708a55029a55583aac0dd3,0.0,0,0,,,,1
4bdeb07d0ee3a593af7c31b0,4.0,0,6,1.0,,,2
4f4e17bce4b0ef284bdfa989,0.0,1,0,2.0,,,0
5085630be4b08785ea9430b1,0.0,0,3,1.0,,,0
4c1622521b5cef3bfa6ceec4,0.0,1,12,2.0,,,1
4e9c0c35e5fa3f633dc8c118,0.0,0,0,,,,1
4beaef68415e20a107a9e5bb,40.0,9,9,2.0,7.8,52.0,6
4f579d4de4b00dc27ebe37a1,1.0,0,2,,,,1
4b058851f964a5204ebe22e3,25.0,8,76,2.0,6.3,47.0,12
4c6d73d64d24b60c7ae5d5d8,29.0,24,30,2.0,7.7,39.0,4
5c2bc621deb49500252bfde8,0.0,0,0,2.0,,,0
51c4b008498e932cb2e24448,3.0,1,5,,,,0
5a0dbcaadff81533d1514e12,5.0,8,12,2.0,,,3
4d94cd3fcf46224b3b789d94,0.0,0,0,2.0,,,0
4e11f0c318a84f0f03181c80,7.0,2,18,2.0,6.0,13.0,3
4b7cd687f964a5200ba72fe3,9.0,2,6,,7.2,15.0,5
4e457892ae60fa7232e64aa4,6.0,7,8,2.0,6.9,10.0,2
58da57b283622d5dad8eee09,3.0,0,3,2.0,,,0
54200482498edc8f8c167b51,0.0,0,0,,,,0
536167f711d20ff4a46d3462,0.0,0,0,2.0,,,0
4e2eeeb6d1646b407b88a394,3.0,1,3,2.0,6.4,8.0,4
4c248e02a852c9289c3de36c,27.0,31,36,2.0,8.2,41.0,14
4b76b656f964a5201a5a2ee3,19.0,12,35,2.0,6.2,40.0,14
4ccafbc6ee23a143671014a8,0.0,0,0,2.0,,,0
4bd5f4b65631c9b67c0ba530,28.0,13,5,2.0,7.5,45.0,15
4bc1c5c2b492d13a966ca660,23.0,11,8,2.0,6.4,46.0,13
4fa02bb1e4b0aa95f9adf4f9,1.0,0,0,1.0,,,0
4e82f081e5fa001241e23c5f,2.0,1,3,,,,1
5328b761498ede920d8b4dd4,0.0,0,1,,,,1
5a50b78e6adbf560331105b5,0.0,0,0,2.0,,,0
532051a711d29a1c9ff37a3c,2.0,0,0,2.0,,,0
4dad635bf7b1e810c12df568,0.0,0,1,,,,1
4f16ac55e4b0253d51e5ed80,0.0,0,0,2.0,,,0
4bd070ad77b29c7482b38a82,12.0,2,6,2.0,6.8,20.0,5
4b06c778f964a5201bf022e3,51.0,77,63,2.0,7.4,84.0,34
4e3af39ad22d4aca87951155,4.0,4,11,2.0,,,1
521b68e011d24659384936aa,4.0,1,0,1.0,,,1
4e6905c4aeb75ce774e3ee31,136.0,96,110,,8.2,200.0,47
4e174266b61c3f2c48777bf3,0.0,1,0,2.0,,,0
4ea44ca7490102dac362e4d9,1.0,0,0,,,,0
4b058850f964a52038be22e3,40.0,92,16,2.0,8.9,62.0,24
5105362ce4b0269877c655cc,0.0,0,0,2.0,,,0
54593bda498e9f416f15aa11,2.0,0,5,2.0,5.5,8.0,4
50dc258de4b04248f5080b1b,2.0,0,0,1.0,,,0
4cec0f038ef78cfa1963b09b,0.0,0,0,2.0,,,0
4f244393e4b0a93fbeb9c1ff,2.0,0,1,2.0,,,0
55f8545e498e87e7ebce79e0,0.0,0,0,1.0,,,0
530cd1df498e14e496d83042,6.0,0,2,,,,0
51bb6cbb498ecd7693529e0b,1.0,0,1,2.0,,,2
4b058850f964a52035be22e3,10.0,2,5,2.0,7.0,15.0,3
4bd1f246caff952180b4d1f0,9.0,4,5,2.0,6.4,18.0,6
4c2259befbe5c9b624c09921,0.0,0,0,2.0,,,0
4fd8b6d1e4b06071ea75693e,0.0,0,0,2.0,,,0
4c48a742417b20a1eab6e1a9,28.0,23,27,2.0,8.6,40.0,11
577cec35498ecd2e23d6eda6,4.0,0,0,,,,1
4e1e8823483b6e56e831931b,3.0,3,12,2.0,,,3
573350bb498e8745bb726398,1.0,0,0,2.0,,,1
56ebf295cd10d9e24e043449,0.0,0,3,2.0,,,0
504eef0de4b0c42ad1c66cb4,0.0,0,2,2.0,,,0
4f9ee5b1e4b0d2a3ab1dc537,5.0,2,2,,6.8,9.0,3
4fa6a38be4b0bcbb47ecde13,2.0,0,1,2.0,,,2
57fb8662498ef00e74c3d310,11.0,1,4,1.0,7.7,15.0,2
4ccc57047c2ff04d5c87987e,4.0,6,25,2.0,,,2
4bad06f4f964a520fa253be3,12.0,11,18,1.0,6.5,18.0,4
50df5dd4e4b015809ec71b1b,0.0,0,1,2.0,,,0
4b1ba43df964a5205ffc23e3,121.0,39,60,2.0,6.8,201.0,32
4b6c5ba9f964a52067332ce3,11.0,8,8,2.0,7.6,14.0,5
5959086795a72203b0b828a3,2.0,0,0,2.0,,,1
53384691498e9cb441d92b11,0.0,0,5,2.0,,,0
511653a0e4b034e6d38a687a,1.0,0,0,,,,1
4dbd8f03a86e0e98a1fd7db9,0.0,0,3,2.0,,,0
4c656da4e1da1b8d691698c3,2.0,0,2,2.0,,,1
518bd3cd498e992f519ada4c,1.0,1,12,2.0,,,1
50c3b725e4b09f0681c3aaa3,1.0,5,3,1.0,,,1
59de1274872f7d343ab0718f,0.0,0,1,1.0,,,0
4ba67fe3f964a520725839e3,71.0,27,62,2.0,8.1,96.0,19
552e4514498e0de5f225231e,26.0,6,43,,7.1,36.0,9
4b56c5d3f964a520e21a28e3,6.0,1,8,2.0,6.6,8.0,1
